last_name,first_name,birthday,gender,title,state,district,party,url,address,phone
Brown,Sherrod,1952-11-09,M,sen,OH,,Democrat,https://www.brown.senate.gov,713 Hart Senate Office Building Washington DC 20510,202-224-2315
Cantwell,Maria,1958-10-13,F,sen,WA,,Democrat,https://www.cantwell.senate.gov,511 Hart Senate Office Building Washington DC 20510,202-224-3441
Cardin,Benjamin,1943-10-05,M,sen,MD,,Democrat,https://www.cardin.senate.gov,509 Hart Senate Office Building Washington DC 20510,202-224-4524
Carper,Thomas,1947-01-23,M,sen,DE,,Democrat,https://www.carper.senate.gov/public,513 Hart Senate Office Building Washington DC 20510,202-224-2441
Casey,Robert,1960-04-13,M,sen,PA,,Democrat,https://www.casey.senate.gov,393 Russell Senate Office Building Washington DC 20510,202-224-6324
Corker,Bob,1952-08-24,M,sen,TN,,Republican,https://www.corker.senate.gov,425 Dirksen Senate Office Building Washington DC 20510,202-224-3344
Feinstein,Dianne,1933-06-22,F,sen,CA,,Democrat,https://www.feinstein.senate.gov,331 Hart Senate Office Building Washington DC 20510,202-224-3841
Hatch,Orrin,1934-03-22,M,sen,UT,,Republican,https://www.hatch.senate.gov,104 Hart Senate Office Building Washington DC 20510,202-224-5251
Klobuchar,Amy,1960-05-25,F,sen,MN,,Democrat,https://www.klobuchar.senate.gov,302 Hart Senate Office Building Washington DC 20510,202-224-3244
McCaskill,Claire,1953-07-24,F,sen,MO,,Democrat,https://www.mccaskill.senate.gov,503 Hart Senate Office Building Washington DC 20510,202-224-6154
Menéndez,Robert,1954-01-01,M,sen,NJ,,Democrat,https://www.menendez.senate.gov,528 Hart Senate Office Building Washington DC 20510,202-224-4744
Nelson,Bill,1942-09-29,M,sen,FL,,Democrat,https://www.billnelson.senate.gov,716 Hart Senate Office Building Washington DC 20510,202-224-5274
Sanders,Bernard,1941-09-08,M,sen,VT,,Independent,https://www.sanders.senate.gov,332 Dirksen Senate Office Building Washington DC 20510,202-224-5141
Stabenow,Debbie,1950-04-29,F,sen,MI,,Democrat,https://www.stabenow.senate.gov,731 Hart Senate Office Building Washington DC 20510,202-224-4822
Tester,Jon,1956-08-21,M,sen,MT,,Democrat,https://www.tester.senate.gov,311 Hart Senate Office Building Washington DC 20510,202-224-2644
Whitehouse,Sheldon,1955-10-20,M,sen,RI,,Democrat,https://www.whitehouse.senate.gov,530 Hart Senate Office Building Washington DC 20510,202-224-2921
Barrasso,John,1952-07-21,M,sen,WY,,Republican,https://www.barrasso.senate.gov,307 Dirksen Senate Office Building Washington DC 20510,202-224-6441
Wicker,Roger,1951-07-05,M,sen,MS,,Republican,https://www.wicker.senate.gov,555 Dirksen Senate Office Building Washington DC 20510,202-224-6253
Alexander,Lamar,1940-07-03,M,sen,TN,,Republican,https://www.alexander.senate.gov/public,455 Dirksen Senate Office Building Washington DC 20510,202-224-4944
Collins,Susan,1952-12-07,F,sen,ME,,Republican,https://www.collins.senate.gov,413 Dirksen Senate Office Building Washington DC 20510,202-224-2523
Cornyn,John,1952-02-02,M,sen,TX,,Republican,https://www.cornyn.senate.gov,517 Hart Senate Office Building Washington DC 20510,202-224-2934
Durbin,Richard,1944-11-21,M,sen,IL,,Democrat,https://www.durbin.senate.gov,711 Hart Senate Office Building Washington DC 20510,202-224-2152
Enzi,Michael,1944-02-01,M,sen,WY,,Republican,https://www.enzi.senate.gov,379A Russell Senate Office Building Washington DC 20510,202-224-3424
Graham,Lindsey,1955-07-09,M,sen,SC,,Republican,https://www.lgraham.senate.gov/public,290 Russell Senate Office Building Washington DC 20510,202-224-5972
Inhofe,James,1934-11-17,M,sen,OK,,Republican,https://www.inhofe.senate.gov,205 Russell Senate Office Building Washington DC 20510,202-224-4721
McConnell,Mitch,1942-02-20,M,sen,KY,,Republican,https://www.mcconnell.senate.gov,317 Russell Senate Office Building Washington DC 20510,202-224-2541
Merkley,Jeff,1956-10-24,M,sen,OR,,Democrat,https://www.merkley.senate.gov,313 Hart Senate Office Building Washington DC 20510,202-224-3753
Reed,John,1949-11-12,M,sen,RI,,Democrat,https://www.reed.senate.gov,728 Hart Senate Office Building Washington DC 20510,202-224-4642
Risch,James,1943-05-03,M,sen,ID,,Republican,https://www.risch.senate.gov,483 Russell Senate Office Building Washington DC 20510,202-224-2752
Roberts,Pat,1936-04-20,M,sen,KS,,Republican,https://www.roberts.senate.gov,109 Hart Senate Office Building Washington DC 20510,202-224-4774
Shaheen,Jeanne,1947-01-28,F,sen,NH,,Democrat,https://www.shaheen.senate.gov,506 Hart Senate Office Building Washington DC 20510,202-224-2841
Udall,Tom,1948-05-18,M,sen,NM,,Democrat,https://www.tomudall.senate.gov,531 Hart Senate Office Building Washington DC 20510,202-224-6621
Warner,Mark,1954-12-15,M,sen,VA,,Democrat,https://www.warner.senate.gov,703 Hart Senate Office Building Washington DC 20510,202-224-2023
Gillibrand,Kirsten,1966-12-09,F,sen,NY,,Democrat,https://www.gillibrand.senate.gov,478 Russell Senate Office Building Washington DC 20510,202-224-4451
Coons,Chris,1963-09-09,M,sen,DE,,Democrat,https://www.coons.senate.gov,127A Russell Senate Office Building Washington DC 20510,202-224-5042
Manchin,Joe,1947-08-24,M,sen,WV,,Democrat,https://www.manchin.senate.gov,306 Hart Senate Office Building Washington DC 20510,202-224-3954
Aderholt,Robert,1965-07-22,M,rep,AL,4,Republican,https://aderholt.house.gov,235 Cannon House Office Building; Washington DC 20515-0104,202-225-4876
Amash,Justin,1980-04-18,M,rep,MI,3,Republican,https://amash.house.gov,114 Cannon House Office Building; Washington DC 20515-2203,202-225-3831
Baldwin,Tammy,1962-02-11,F,sen,WI,,Democrat,https://www.baldwin.senate.gov,709 Hart Senate Office Building Washington DC 20510,202-224-5653
Barletta,Lou,1956-01-28,M,rep,PA,11,Republican,https://barletta.house.gov,2049 Rayburn House Office Building; Washington DC 20515-3811,202-225-6511
Barton,Joe,1949-09-15,M,rep,TX,6,Republican,https://joebarton.house.gov,2107 Rayburn House Office Building; Washington DC 20515-4306,202-225-2002
Bass,Karen,1953-10-03,F,rep,CA,37,Democrat,https://bass.house.gov,2241 Rayburn House Office Building; Washington DC 20515-0537,202-225-7084
Bennet,Michael,1964-11-28,M,sen,CO,,Democrat,https://www.bennet.senate.gov,261 Russell Senate Office Building Washington DC 20510,202-224-5852
Bilirakis,Gus,1963-02-08,M,rep,FL,12,Republican,https://bilirakis.house.gov,2112 Rayburn House Office Building; Washington DC 20515-0912,202-225-5755
Bishop,Rob,1951-07-13,M,rep,UT,1,Republican,https://robbishop.house.gov,123 Cannon House Office Building; Washington DC 20515-4401,202-225-0453
Bishop,Sanford,1947-02-04,M,rep,GA,2,Democrat,https://bishop.house.gov,2407 Rayburn House Office Building; Washington DC 20515-1002,202-225-3631
Black,Diane,1951-01-16,F,rep,TN,6,Republican,https://black.house.gov,1131 Longworth House Office Building; Washington DC 20515-4206,202-225-4231
Blackburn,Marsha,1952-06-06,F,rep,TN,7,Republican,https://blackburn.house.gov,2266 Rayburn House Office Building; Washington DC 20515-4207,202-225-2811
Blumenauer,Earl,1948-08-16,M,rep,OR,3,Democrat,https://blumenauer.house.gov,1111 Longworth House Office Building; Washington DC 20515-3703,202-225-4811
Blumenthal,Richard,1946-02-13,M,sen,CT,,Democrat,https://www.blumenthal.senate.gov,706 Hart Senate Office Building Washington DC 20510,202-224-2823
Blunt,Roy,1950-01-10,M,sen,MO,,Republican,https://www.blunt.senate.gov/public,260 Russell Senate Office Building Washington DC 20510,202-224-5721
Boozman,John,1950-12-10,M,sen,AR,,Republican,https://www.boozman.senate.gov/public,141 Hart Senate Office Building Washington DC 20510,202-224-4843
Bordallo,Madeleine,1933-05-31,F,rep,GU,0,Democrat,https://bordallo.house.gov,2441 Rayburn House Office Building; Washington DC 20515-5301,202-225-1188
Brady,Kevin,1955-04-11,M,rep,TX,8,Republican,https://kevinbrady.house.gov,1011 Longworth House Office Building; Washington DC 20515-4308,202-225-4901
Brady,Robert,1945-04-07,M,rep,PA,1,Democrat,https://brady.house.gov,2004 Rayburn House Office Building; Washington DC 20515-3801,202-225-4731
Brooks,Mo,1954-04-29,M,rep,AL,5,Republican,https://brooks.house.gov,2400 Rayburn House Office Building; Washington DC 20515-0105,202-225-4801
Buchanan,Vern,1951-05-08,M,rep,FL,16,Republican,https://buchanan.house.gov,2104 Rayburn House Office Building; Washington DC 20515-0916,202-225-5015
Bucshon,Larry,1962-05-31,M,rep,IN,8,Republican,https://bucshon.house.gov,1005 Longworth House Office Building; Washington DC 20515-1408,202-225-4636
Burgess,Michael,1950-12-23,M,rep,TX,26,Republican,https://burgess.house.gov,2336 Rayburn House Office Building; Washington DC 20515-4326,202-225-7772
Burr,Richard,1955-11-30,M,sen,NC,,Republican,https://www.burr.senate.gov,217 Russell Senate Office Building Washington DC 20510,202-224-3154
Butterfield,George,1947-04-27,M,rep,NC,1,Democrat,https://butterfield.house.gov,2080 Rayburn House Office Building; Washington DC 20515-3301,202-225-3101
Calvert,Ken,1953-06-08,M,rep,CA,42,Republican,https://calvert.house.gov,2205 Rayburn House Office Building; Washington DC 20515-0542,202-225-1986
Capito,Shelley,1953-11-26,F,sen,WV,,Republican,https://www.capito.senate.gov,172 Russell Senate Office Building Washington DC 20510,202-224-6472
Capuano,Michael,1952-01-09,M,rep,MA,7,Democrat,http://capuano.house.gov,1414 Longworth House Office Building; Washington DC 20515-2107,202-225-5111
Carson,André,1974-10-16,M,rep,IN,7,Democrat,https://carson.house.gov,2135 Rayburn House Office Building; Washington DC 20515-1407,202-225-4011
Carter,John,1941-11-06,M,rep,TX,31,Republican,https://carter.house.gov,2110 Rayburn House Office Building; Washington DC 20515-4331,202-225-3864
Cassidy,Bill,1957-09-28,M,sen,LA,,Republican,https://www.cassidy.senate.gov,520 Hart Senate Office Building Washington DC 20510,202-224-5824
Castor,Kathy,1966-08-20,F,rep,FL,14,Democrat,https://castor.house.gov,2052 Rayburn House Office Building; Washington DC 20515-0914,202-225-3376
Chabot,Steve,1953-01-22,M,rep,OH,1,Republican,https://chabot.house.gov,2371 Rayburn House Office Building; Washington DC 20515-3501,202-225-2216
Chu,Judy,1953-07-07,F,rep,CA,27,Democrat,https://chu.house.gov,2423 Rayburn House Office Building; Washington DC 20515-0527,202-225-5464
Cicilline,David,1961-07-15,M,rep,RI,1,Democrat,https://cicilline.house.gov,2244 Rayburn House Office Building; Washington DC 20515-3901,202-225-4911
Clarke,Yvette,1964-11-21,F,rep,NY,9,Democrat,https://clarke.house.gov,2058 Rayburn House Office Building; Washington DC 20515-3209,202-225-6231
Clay,Wm.,1956-07-27,M,rep,MO,1,Democrat,https://lacyclay.house.gov,2428 Rayburn House Office Building; Washington DC 20515-2501,202-225-2406
Cleaver,Emanuel,1944-10-26,M,rep,MO,5,Democrat,https://cleaver.house.gov,2335 Rayburn House Office Building; Washington DC 20515-2505,202-225-4535
Clyburn,James,1940-07-21,M,rep,SC,6,Democrat,https://clyburn.house.gov,242 Cannon House Office Building; Washington DC 20515-4006,202-225-3315
Coffman,Mike,1955-03-19,M,rep,CO,6,Republican,https://coffman.house.gov,2443 Rayburn House Office Building; Washington DC 20515-0606,202-225-7882
Cohen,Steve,1949-05-24,M,rep,TN,9,Democrat,https://cohen.house.gov,2404 Rayburn House Office Building; Washington DC 20515-4209,202-225-3265
Cole,Tom,1949-04-28,M,rep,OK,4,Republican,https://cole.house.gov,2467 Rayburn House Office Building; Washington DC 20515-3604,202-225-6165
Conaway,K.,1948-06-11,M,rep,TX,11,Republican,https://conaway.house.gov,2430 Rayburn House Office Building; Washington DC 20515-4311,202-225-3605
Connolly,Gerald,1950-03-30,M,rep,VA,11,Democrat,https://connolly.house.gov,2238 Rayburn House Office Building; Washington DC 20515-4611,202-225-1492
Cooper,Jim,1954-06-19,M,rep,TN,5,Democrat,https://cooper.house.gov,1536 Longworth House Office Building; Washington DC 20515-4205,202-225-4311
Costa,Jim,1952-04-13,M,rep,CA,16,Democrat,https://costa.house.gov,2081 Rayburn House Office Building; Washington DC 20515-0516,202-225-3341
Courtney,Joe,1953-04-06,M,rep,CT,2,Democrat,https://courtney.house.gov,2348 Rayburn House Office Building; Washington DC 20515-0702,202-225-2076
Crapo,Michael,1951-05-20,M,sen,ID,,Republican,https://www.crapo.senate.gov,239 Dirksen Senate Office Building Washington DC 20510,202-224-6142
Crawford,Eric,1966-01-22,M,rep,AR,1,Republican,https://crawford.house.gov,2422 Rayburn House Office Building; Washington DC 20515-0401,202-225-4076
Crowley,Joseph,1962-03-16,M,rep,NY,14,Democrat,https://crowley.house.gov,1035 Longworth House Office Building; Washington DC 20515-3214,202-225-3965
Cuellar,Henry,1955-09-19,M,rep,TX,28,Democrat,https://cuellar.house.gov,2209 Rayburn House Office Building; Washington DC 20515-4328,202-225-1640
Culberson,John,1956-08-24,M,rep,TX,7,Republican,https://culberson.house.gov,2161 Rayburn House Office Building; Washington DC 20515-4307,202-225-2571
Cummings,Elijah,1951-01-18,M,rep,MD,7,Democrat,https://cummings.house.gov,2163 Rayburn House Office Building; Washington DC 20515-2007,202-225-4741
Davis,Danny,1941-09-06,M,rep,IL,7,Democrat,https://davis.house.gov,2159 Rayburn House Office Building; Washington DC 20515-1307,202-225-5006
Davis,Susan,1944-04-13,F,rep,CA,53,Democrat,https://susandavis.house.gov,1214 Longworth House Office Building; Washington DC 20515-0553,202-225-2040
DeFazio,Peter,1947-05-27,M,rep,OR,4,Democrat,https://defazio.house.gov,2134 Rayburn House Office Building; Washington DC 20515-3704,202-225-6416
DeGette,Diana,1957-07-29,F,rep,CO,1,Democrat,https://degette.house.gov,2111 Rayburn House Office Building; Washington DC 20515-0601,202-225-4431
DeLauro,Rosa,1943-03-02,F,rep,CT,3,Democrat,https://delauro.house.gov,2413 Rayburn House Office Building; Washington DC 20515-0703,202-225-3661
Denham,Jeff,1967-07-29,M,rep,CA,10,Republican,https://denham.house.gov,1730 Longworth House Office Building; Washington DC 20515-0510,202-225-4540
DesJarlais,Scott,1964-02-21,M,rep,TN,4,Republican,https://desjarlais.house.gov,2301 Rayburn House Office Building; Washington DC 20515-4204,202-225-6831
Deutch,Theodore,1966-05-07,M,rep,FL,22,Democrat,https://teddeutch.house.gov,2447 Rayburn House Office Building; Washington DC 20515-0922,202-225-3001
Diaz-Balart,Mario,1961-09-25,M,rep,FL,25,Republican,https://mariodiazbalart.house.gov,440 Cannon House Office Building; Washington DC 20515-0925,202-225-4211
Doggett,Lloyd,1946-10-06,M,rep,TX,35,Democrat,https://doggett.house.gov,2307 Rayburn House Office Building; Washington DC 20515-4335,202-225-4865
Donnelly,Joe,1955-09-28,M,sen,IN,,Democrat,https://www.donnelly.senate.gov,720 Hart Senate Office Building Washington DC 20510,202-224-4814
Doyle,Michael,1953-08-05,M,rep,PA,14,Democrat,https://doyle.house.gov,239 Cannon House Office Building; Washington DC 20515-3814,202-225-2135
Duffy,Sean,1971-10-03,M,rep,WI,7,Republican,https://duffy.house.gov,2330 Rayburn House Office Building; Washington DC 20515-4907,202-225-3365
Duncan,Jeff,1966-01-07,M,rep,SC,3,Republican,https://jeffduncan.house.gov,2229 Rayburn House Office Building; Washington DC 20515-4003,202-225-5301
Duncan,John,1947-07-21,M,rep,TN,2,Republican,https://duncan.house.gov,2207 Rayburn House Office Building; Washington DC 20515-4202,202-225-5435
Ellison,Keith,1963-08-04,M,rep,MN,5,Democrat,https://ellison.house.gov,2263 Rayburn House Office Building; Washington DC 20515-2305,202-225-4755
Engel,Eliot,1947-02-18,M,rep,NY,16,Democrat,https://engel.house.gov,2462 Rayburn House Office Building; Washington DC 20515-3216,202-225-2464
Eshoo,Anna,1942-12-13,F,rep,CA,18,Democrat,http://eshoo.house.gov,241 Cannon House Office Building; Washington DC 20515-0518,202-225-8104
Flake,Jeff,1962-12-31,M,sen,AZ,,Republican,https://www.flake.senate.gov/public,413 Russell Senate Office Building Washington DC 20510,202-224-4521
Fleischmann,Charles,1962-10-11,M,rep,TN,3,Republican,https://fleischmann.house.gov,2410 Rayburn House Office Building; Washington DC 20515-4203,202-225-3271
Flores,Bill,1954-02-25,M,rep,TX,17,Republican,https://flores.house.gov,2440 Rayburn House Office Building; Washington DC 20515-4317,202-225-6105
Fortenberry,Jeff,1960-12-27,M,rep,NE,1,Republican,https://fortenberry.house.gov,1514 Longworth House Office Building; Washington DC 20515-2701,202-225-4806
Foxx,Virginia,1943-06-29,F,rep,NC,5,Republican,https://foxx.house.gov,2262 Rayburn House Office Building; Washington DC 20515-3305,202-225-2071
Frelinghuysen,Rodney,1946-04-29,M,rep,NJ,11,Republican,https://frelinghuysen.house.gov,2306 Rayburn House Office Building; Washington DC 20515-3011,202-225-5034
Fudge,Marcia,1952-10-29,F,rep,OH,11,Democrat,https://fudge.house.gov,2344 Rayburn House Office Building; Washington DC 20515-3511,202-225-7032
Garamendi,John,1945-01-24,M,rep,CA,3,Democrat,https://garamendi.house.gov,2438 Rayburn House Office Building; Washington DC 20515-0503,202-225-1880
Gardner,Cory,1974-08-22,M,sen,CO,,Republican,https://www.gardner.senate.gov,354 Russell Senate Office Building Washington DC 20510,202-224-5941
Gibbs,Bob,1954-06-14,M,rep,OH,7,Republican,https://gibbs.house.gov,2446 Rayburn House Office Building; Washington DC 20515-3507,202-225-6265
Gohmert,Louie,1953-08-18,M,rep,TX,1,Republican,https://gohmert.house.gov,2243 Rayburn House Office Building; Washington DC 20515-4301,202-225-3035
Goodlatte,Bob,1952-09-22,M,rep,VA,6,Republican,https://goodlatte.house.gov,2309 Rayburn House Office Building; Washington DC 20515-4606,202-225-5431
Gosar,Paul,1958-11-22,M,rep,AZ,4,Republican,https://gosar.house.gov,2057 Rayburn House Office Building; Washington DC 20515-0304,202-225-2315
Gowdy,Trey,1964-08-22,M,rep,SC,4,Republican,https://gowdy.house.gov,2418 Rayburn House Office Building; Washington DC 20515-4004,202-225-6030
Granger,Kay,1943-01-18,F,rep,TX,12,Republican,https://kaygranger.house.gov,1026 Longworth House Office Building; Washington DC 20515-4312,202-225-5071
Grassley,Charles,1933-09-17,M,sen,IA,,Republican,https://www.grassley.senate.gov,135 Hart Senate Office Building Washington DC 20510,202-224-3744
Graves,Sam,1963-11-07,M,rep,MO,6,Republican,https://graves.house.gov,1135 Longworth House Office Building; Washington DC 20515-2506,202-225-7041
Graves,Tom,1970-02-03,M,rep,GA,14,Republican,https://tomgraves.house.gov,2078 Rayburn House Office Building; Washington DC 20515-1014,202-225-5211
Green,Al,1947-09-01,M,rep,TX,9,Democrat,https://algreen.house.gov,2347 Rayburn House Office Building; Washington DC 20515-4309,202-225-7508
Green,Gene,1947-10-17,M,rep,TX,29,Democrat,https://green.house.gov,2470 Rayburn House Office Building; Washington DC 20515-4329,202-225-1688
Griffith,H.,1958-03-15,M,rep,VA,9,Republican,https://morgangriffith.house.gov,2202 Rayburn House Office Building; Washington DC 20515-4609,202-225-3861
Grijalva,Raúl,1948-02-19,M,rep,AZ,3,Democrat,https://grijalva.house.gov,1511 Longworth House Office Building; Washington DC 20515-0303,202-225-2435
Guthrie,Brett,1964-02-18,M,rep,KY,2,Republican,https://guthrie.house.gov,2434 Rayburn House Office Building; Washington DC 20515-1702,202-225-3501
Gutiérrez,Luis,1953-12-10,M,rep,IL,4,Democrat,https://gutierrez.house.gov,2408 Rayburn House Office Building; Washington DC 20515-1304,202-225-8203
Harper,Gregg,1956-06-01,M,rep,MS,3,Republican,https://harper.house.gov,2227 Rayburn House Office Building; Washington DC 20515-2403,202-225-5031
Harris,Andy,1957-01-25,M,rep,MD,1,Republican,https://harris.house.gov,1533 Longworth House Office Building; Washington DC 20515-2001,202-225-5311
Hartzler,Vicky,1960-10-13,F,rep,MO,4,Republican,https://hartzler.house.gov,2235 Rayburn House Office Building; Washington DC 20515-2504,202-225-2876
Hastings,Alcee,1936-09-05,M,rep,FL,20,Democrat,https://alceehastings.house.gov,2353 Rayburn House Office Building; Washington DC 20515-0920,202-225-1313
Heinrich,Martin,1971-10-17,M,sen,NM,,Democrat,https://www.heinrich.senate.gov,303 Hart Senate Office Building Washington DC 20510,202-224-5521
Hensarling,Jeb,1957-05-29,M,rep,TX,5,Republican,https://hensarling.house.gov,2228 Rayburn House Office Building; Washington DC 20515-4305,202-225-3484
Herrera Beutler,Jaime,1978-11-03,F,rep,WA,3,Republican,https://herrerabeutler.house.gov,1107 Longworth House Office Building; Washington DC 20515-4703,202-225-3536
Higgins,Brian,1959-10-06,M,rep,NY,26,Democrat,https://higgins.house.gov,2459 Rayburn House Office Building; Washington DC 20515-3226,202-225-3306
Himes,James,1966-07-05,M,rep,CT,4,Democrat,https://himes.house.gov,1227 Longworth House Office Building; Washington DC 20515-0704,202-225-5541
Hirono,Mazie,1947-11-03,F,sen,HI,,Democrat,https://www.hirono.senate.gov,730 Hart Senate Office Building Washington DC 20510,202-224-6361
Hoeven,John,1957-03-13,M,sen,ND,,Republican,https://www.hoeven.senate.gov,338 Russell Senate Office Building Washington DC 20510,202-224-2551
Hoyer,Steny,1939-06-14,M,rep,MD,5,Democrat,https://hoyer.house.gov,1705 Longworth House Office Building; Washington DC 20515-2005,202-225-4131
Huizenga,Bill,1969-01-31,M,rep,MI,2,Republican,https://huizenga.house.gov,2232 Rayburn House Office Building; Washington DC 20515-2202,202-225-4401
Hultgren,Randy,1966-03-01,M,rep,IL,14,Republican,https://hultgren.house.gov,2455 Rayburn House Office Building; Washington DC 20515-1314,202-225-2976
Hunter,Duncan,1976-12-07,M,rep,CA,50,Republican,https://hunter.house.gov,2429 Rayburn House Office Building; Washington DC 20515-0550,202-225-5672
Isakson,John,1944-12-28,M,sen,GA,,Republican,https://www.isakson.senate.gov,131 Russell Senate Office Building Washington DC 20510,202-224-3643
Issa,Darrell,1953-11-01,M,rep,CA,49,Republican,https://issa.house.gov,2269 Rayburn House Office Building; Washington DC 20515-0549,202-225-3906
Jackson Lee,Sheila,1950-01-12,F,rep,TX,18,Democrat,https://jacksonlee.house.gov,2187 Rayburn House Office Building; Washington DC 20515-4318,202-225-3816
Jenkins,Lynn,1963-06-10,F,rep,KS,2,Republican,https://lynnjenkins.house.gov,1526 Longworth House Office Building; Washington DC 20515-1602,202-225-6601
Johnson,Bill,1954-11-10,M,rep,OH,6,Republican,https://billjohnson.house.gov,1710 Longworth House Office Building; Washington DC 20515-3506,202-225-5705
Johnson,Eddie,1935-12-03,F,rep,TX,30,Democrat,https://ebjohnson.house.gov,2468 Rayburn House Office Building; Washington DC 20515-4330,202-225-8885
Johnson,Henry,1954-10-02,M,rep,GA,4,Democrat,https://hankjohnson.house.gov,2240 Rayburn House Office Building; Washington DC 20515-1004,202-225-1605
Johnson,Ron,1955-04-08,M,sen,WI,,Republican,https://www.ronjohnson.senate.gov,328 Hart Senate Office Building Washington DC 20510,202-224-5323
Johnson,Sam,1930-10-11,M,rep,TX,3,Republican,https://samjohnson.house.gov,2304 Rayburn House Office Building; Washington DC 20515-4303,202-225-4201
Jones,Walter,1943-02-10,M,rep,NC,3,Republican,https://jones.house.gov,2333 Rayburn House Office Building; Washington DC 20515-3303,202-225-3415
Jordan,Jim,1964-02-17,M,rep,OH,4,Republican,https://jordan.house.gov,2056 Rayburn House Office Building; Washington DC 20515-3504,202-225-2676
Kaptur,Marcy,1946-06-17,F,rep,OH,9,Democrat,https://kaptur.house.gov,2186 Rayburn House Office Building; Washington DC 20515-3509,202-225-4146
Keating,William,1952-09-06,M,rep,MA,9,Democrat,https://keating.house.gov,2351 Rayburn House Office Building; Washington DC 20515-2109,202-225-3111
Kelly,Mike,1948-05-10,M,rep,PA,3,Republican,https://kelly.house.gov,1707 Longworth House Office Building; Washington DC 20515-3803,202-225-5406
Kind,Ron,1963-03-16,M,rep,WI,3,Democrat,https://kind.house.gov,1502 Longworth House Office Building; Washington DC 20515-4903,202-225-5506
King,Peter,1944-04-05,M,rep,NY,2,Republican,https://peteking.house.gov,339 Cannon House Office Building; Washington DC 20515-3202,202-225-7896
King,Steve,1949-05-28,M,rep,IA,4,Republican,https://steveking.house.gov,2210 Rayburn House Office Building; Washington DC 20515-1504,202-225-4426
Kinzinger,Adam,1978-02-27,M,rep,IL,16,Republican,https://kinzinger.house.gov,2245 Rayburn House Office Building; Washington DC 20515-1316,202-225-3635
Labrador,Raúl,1967-12-08,M,rep,ID,1,Republican,https://labrador.house.gov,1523 Longworth House Office Building; Washington DC 20515-1201,202-225-6611
Lamborn,Doug,1954-05-24,M,rep,CO,5,Republican,https://lamborn.house.gov,2402 Rayburn House Office Building; Washington DC 20515-0605,202-225-4422
Lance,Leonard,1952-06-25,M,rep,NJ,7,Republican,https://lance.house.gov,2352 Rayburn House Office Building; Washington DC 20515-3007,202-225-5361
Langevin,James,1964-04-22,M,rep,RI,2,Democrat,https://langevin.house.gov,2077 Rayburn House Office Building; Washington DC 20515-3902,202-225-2735
Lankford,James,1968-03-04,M,sen,OK,,Republican,https://www.lankford.senate.gov,316 Hart Senate Office Building Washington DC 20510,202-224-5754
Larsen,Rick,1965-06-15,M,rep,WA,2,Democrat,https://larsen.house.gov,2113 Rayburn House Office Building; Washington DC 20515-4702,202-225-2605
Larson,John,1948-07-22,M,rep,CT,1,Democrat,https://larson.house.gov,1501 Longworth House Office Building; Washington DC 20515-0701,202-225-2265
Latta,Robert,1956-04-18,M,rep,OH,5,Republican,https://latta.house.gov,2448 Rayburn House Office Building; Washington DC 20515-3505,202-225-6405
Leahy,Patrick,1940-03-31,M,sen,VT,,Democrat,https://www.leahy.senate.gov,437 Russell Senate Office Building Washington DC 20510,202-224-4242
Lee,Barbara,1946-07-16,F,rep,CA,13,Democrat,https://lee.house.gov,2267 Rayburn House Office Building; Washington DC 20515-0513,202-225-2661
Lee,Mike,1971-06-04,M,sen,UT,,Republican,https://www.lee.senate.gov/public,361A Russell Senate Office Building Washington DC 20510,202-224-5444
Levin,Sander,1931-09-06,M,rep,MI,9,Democrat,https://levin.house.gov,1236 Longworth House Office Building; Washington DC 20515-2209,202-225-4961
Lewis,John,1940-02-21,M,rep,GA,5,Democrat,https://johnlewis.house.gov,343 Cannon House Office Building; Washington DC 20515-1005,202-225-3801
Lipinski,Daniel,1966-07-15,M,rep,IL,3,Democrat,https://lipinski.house.gov,2346 Rayburn House Office Building; Washington DC 20515-1303,202-225-5701
LoBiondo,Frank,1946-05-12,M,rep,NJ,2,Republican,https://lobiondo.house.gov,2427 Rayburn House Office Building; Washington DC 20515-3002,202-225-6572
Loebsack,David,1952-12-23,M,rep,IA,2,Democrat,https://loebsack.house.gov,1527 Longworth House Office Building; Washington DC 20515-1502,202-225-6576
Lofgren,Zoe,1947-12-21,F,rep,CA,19,Democrat,https://lofgren.house.gov,1401 Longworth House Office Building; Washington DC 20515-0519,202-225-3072
Long,Billy,1955-08-11,M,rep,MO,7,Republican,https://long.house.gov,2454 Rayburn House Office Building; Washington DC 20515-2507,202-225-6536
Lowey,Nita,1937-07-05,F,rep,NY,17,Democrat,https://lowey.house.gov,2365 Rayburn House Office Building; Washington DC 20515-3217,202-225-6506
Lucas,Frank,1960-01-06,M,rep,OK,3,Republican,https://lucas.house.gov,2405 Rayburn House Office Building; Washington DC 20515-3603,202-225-5565
Luetkemeyer,Blaine,1952-05-07,M,rep,MO,3,Republican,https://luetkemeyer.house.gov,2230 Rayburn House Office Building; Washington DC 20515-2503,202-225-2956
Luján,Ben,1972-06-07,M,rep,NM,3,Democrat,https://lujan.house.gov,2231 Rayburn House Office Building; Washington DC 20515-3103,202-225-6190
Lynch,Stephen,1955-03-31,M,rep,MA,8,Democrat,https://lynch.house.gov,2268 Rayburn House Office Building; Washington DC 20515-2108,202-225-8273
Maloney,Carolyn,1946-02-19,F,rep,NY,12,Democrat,https://maloney.house.gov,2308 Rayburn House Office Building; Washington DC 20515-3212,202-225-7944
Marchant,Kenny,1951-02-23,M,rep,TX,24,Republican,https://marchant.house.gov,2369 Rayburn House Office Building; Washington DC 20515-4324,202-225-6605
Marino,Tom,1952-08-15,M,rep,PA,10,Republican,https://marino.house.gov,2242 Rayburn House Office Building; Washington DC 20515-3810,202-225-3731
Markey,Edward,1946-07-11,M,sen,MA,,Democrat,https://www.markey.senate.gov,255 Dirksen Senate Office Building Washington DC 20510,202-224-2742
Matsui,Doris,1944-09-25,F,rep,CA,6,Democrat,http://matsui.house.gov,2311 Rayburn House Office Building; Washington DC 20515-0506,202-225-7163
McCain,John,1936-08-29,M,sen,AZ,,Republican,https://www.mccain.senate.gov,218 Russell Senate Office Building Washington DC 20510,202-224-2235
McCarthy,Kevin,1965-01-26,M,rep,CA,23,Republican,https://kevinmccarthy.house.gov,2421 Rayburn House Office Building; Washington DC 20515-0523,202-225-2915
McCaul,Michael,1962-01-14,M,rep,TX,10,Republican,https://mccaul.house.gov,2001 Rayburn House Office Building; Washington DC 20515-4310,202-225-2401
McClintock,Tom,1956-07-10,M,rep,CA,4,Republican,https://mcclintock.house.gov,2312 Rayburn House Office Building; Washington DC 20515-0504,202-225-2511
McCollum,Betty,1954-07-12,F,rep,MN,4,Democrat,https://mccollum.house.gov,2256 Rayburn House Office Building; Washington DC 20515-2304,202-225-6631
McGovern,James,1959-11-20,M,rep,MA,2,Democrat,https://mcgovern.house.gov,438 Cannon House Office Building; Washington DC 20515-2102,202-225-6101
McHenry,Patrick,1975-10-22,M,rep,NC,10,Republican,https://mchenry.house.gov,2334 Rayburn House Office Building; Washington DC 20515-3310,202-225-2576
McKinley,David,1947-03-28,M,rep,WV,1,Republican,https://mckinley.house.gov,2239 Rayburn House Office Building; Washington DC 20515-4801,202-225-4172
McMorris Rodgers,Cathy,1969-05-22,F,rep,WA,5,Republican,https://mcmorris.house.gov,1314 Longworth House Office Building; Washington DC 20515-4705,202-225-2006
McNerney,Jerry,1951-06-18,M,rep,CA,9,Democrat,https://mcnerney.house.gov,2265 Rayburn House Office Building; Washington DC 20515-0509,202-225-1947
Meeks,Gregory,1953-09-25,M,rep,NY,5,Democrat,https://meeks.house.gov,2234 Rayburn House Office Building; Washington DC 20515-3205,202-225-3461
Moore,Gwen,1951-04-18,F,rep,WI,4,Democrat,https://gwenmoore.house.gov,2252 Rayburn House Office Building; Washington DC 20515-4904,202-225-4572
Moran,Jerry,1954-05-29,M,sen,KS,,Republican,https://www.moran.senate.gov,521 Dirksen Senate Office Building Washington DC 20510,202-224-6521
Murkowski,Lisa,1957-05-22,F,sen,AK,,Republican,https://www.murkowski.senate.gov,522 Hart Senate Office Building Washington DC 20510,202-224-6665
Murphy,Christopher,1973-08-03,M,sen,CT,,Democrat,https://www.murphy.senate.gov,136 Hart Senate Office Building Washington DC 20510,202-224-4041
Murray,Patty,1950-10-11,F,sen,WA,,Democrat,https://www.murray.senate.gov/public,154 Russell Senate Office Building Washington DC 20510,202-224-2621
Nadler,Jerrold,1947-06-13,M,rep,NY,10,Democrat,https://nadler.house.gov,2109 Rayburn House Office Building; Washington DC 20515-3210,202-225-5635
Napolitano,Grace,1936-12-04,F,rep,CA,32,Democrat,https://napolitano.house.gov,1610 Longworth House Office Building; Washington DC 20515-0532,202-225-5256
Neal,Richard,1949-02-14,M,rep,MA,1,Democrat,https://neal.house.gov,341 Cannon House Office Building; Washington DC 20515-2101,202-225-5601
Noem,Kristi,1971-11-30,F,rep,SD,0,Republican,https://noem.house.gov,2457 Rayburn House Office Building; Washington DC 20515-4100,202-225-2801
Norton,Eleanor,1937-06-13,F,rep,DC,0,Democrat,https://norton.house.gov,2136 Rayburn House Office Building; Washington DC 20515-5101,202-225-8050
Nunes,Devin,1973-10-01,M,rep,CA,22,Republican,https://nunes.house.gov,1013 Longworth House Office Building; Washington DC 20515-0522,202-225-2523
Olson,Pete,1962-12-09,M,rep,TX,22,Republican,https://olson.house.gov,2133 Rayburn House Office Building; Washington DC 20515-4322,202-225-5951
Palazzo,Steven,1970-02-21,M,rep,MS,4,Republican,https://palazzo.house.gov,2349 Rayburn House Office Building; Washington DC 20515-2404,202-225-5772
Pallone,Frank,1951-10-30,M,rep,NJ,6,Democrat,https://pallone.house.gov,237 Cannon House Office Building; Washington DC 20515-3006,202-225-4671
Pascrell,Bill,1937-01-25,M,rep,NJ,9,Democrat,https://pascrell.house.gov,2370 Rayburn House Office Building; Washington DC 20515-3009,202-225-5751
Paul,Rand,1963-01-07,M,sen,KY,,Republican,https://www.paul.senate.gov,167 Russell Senate Office Building Washington DC 20510,202-224-4343
Paulsen,Erik,1965-05-14,M,rep,MN,3,Republican,https://paulsen.house.gov,127 Cannon House Office Building; Washington DC 20515-2303,202-225-2871
Pearce,Stevan,1947-08-24,M,rep,NM,2,Republican,https://pearce.house.gov,2432 Rayburn House Office Building; Washington DC 20515-3102,202-225-2365
Pelosi,Nancy,1940-03-26,F,rep,CA,12,Democrat,https://pelosi.house.gov,233 Cannon House Office Building; Washington DC 20515-0512,202-225-4965
Perlmutter,Ed,1953-05-01,M,rep,CO,7,Democrat,https://perlmutter.house.gov,1410 Longworth House Office Building; Washington DC 20515-0607,202-225-2645
Peters,Gary,1958-12-01,M,sen,MI,,Democrat,https://www.peters.senate.gov,724 Hart Senate Office Building Washington DC 20510,202-224-6221
Peterson,Collin,1944-06-29,M,rep,MN,7,Democrat,https://collinpeterson.house.gov,2204 Rayburn House Office Building; Washington DC 20515-2307,202-225-2165
Pingree,Chellie,1955-04-02,F,rep,ME,1,Democrat,https://pingree.house.gov,2162 Rayburn House Office Building; Washington DC 20515-1901,202-225-6116
Poe,Ted,1948-09-10,M,rep,TX,2,Republican,https://poe.house.gov,2132 Rayburn House Office Building; Washington DC 20515-4302,202-225-6565
Polis,Jared,1975-05-12,M,rep,CO,2,Democrat,https://polis.house.gov,1727 Longworth House Office Building; Washington DC 20515-0602,202-225-2161
Portman,Robert,1955-12-19,M,sen,OH,,Republican,https://www.portman.senate.gov,448 Russell Senate Office Building Washington DC 20510,202-224-3353
Posey,Bill,1947-12-18,M,rep,FL,8,Republican,https://posey.house.gov,2150 Rayburn House Office Building; Washington DC 20515-0908,202-225-3671
Price,David,1940-08-17,M,rep,NC,4,Democrat,https://price.house.gov,2108 Rayburn House Office Building; Washington DC 20515-3304,202-225-1784
Quigley,Mike,1958-10-17,M,rep,IL,5,Democrat,https://quigley.house.gov,2458 Rayburn House Office Building; Washington DC 20515-1305,202-225-4061
Reed,Tom,1971-11-18,M,rep,NY,23,Republican,https://reed.house.gov,2437 Rayburn House Office Building; Washington DC 20515-3223,202-225-3161
Reichert,David,1950-08-29,M,rep,WA,8,Republican,https://reichert.house.gov,1127 Longworth House Office Building; Washington DC 20515-4708,202-225-7761
Renacci,James,1958-12-03,M,rep,OH,16,Republican,https://renacci.house.gov,328 Cannon House Office Building; Washington DC 20515-3516,202-225-3876
Richmond,Cedric,1973-09-13,M,rep,LA,2,Democrat,https://richmond.house.gov,420 Cannon House Office Building; Washington DC 20515-1802,202-225-6636
Roby,Martha,1976-07-27,F,rep,AL,2,Republican,https://roby.house.gov,442 Cannon House Office Building; Washington DC 20515-0102,202-225-2901
Roe,David,1945-07-21,M,rep,TN,1,Republican,https://roe.house.gov,336 Cannon House Office Building; Washington DC 20515-4201,202-225-6356
Rogers,Harold,1937-12-31,M,rep,KY,5,Republican,https://halrogers.house.gov,2406 Rayburn House Office Building; Washington DC 20515-1705,202-225-4601
Rogers,Mike,1958-07-16,M,rep,AL,3,Republican,https://mikerogers.house.gov,2184 Rayburn House Office Building; Washington DC 20515-0103,202-225-3261
Rohrabacher,Dana,1947-06-21,M,rep,CA,48,Republican,https://rohrabacher.house.gov,2300 Rayburn House Office Building; Washington DC 20515-0548,202-225-2415
Rokita,Todd,1970-02-09,M,rep,IN,4,Republican,http://rokita.house.gov,2439 Rayburn House Office Building; Washington DC 20515-1404,202-225-5037
Rooney,Thomas,1970-11-21,M,rep,FL,17,Republican,https://rooney.house.gov,2160 Rayburn House Office Building; Washington DC 20515-0917,202-225-5792
Ros-Lehtinen,Ileana,1952-07-15,F,rep,FL,27,Republican,https://ros-lehtinen.house.gov,2206 Rayburn House Office Building; Washington DC 20515-0927,202-225-3931
Roskam,Peter,1961-09-13,M,rep,IL,6,Republican,https://roskam.house.gov,2246 Rayburn House Office Building; Washington DC 20515-1306,202-225-4561
Ross,Dennis,1959-10-18,M,rep,FL,15,Republican,https://dennisross.house.gov,436 Cannon House Office Building; Washington DC 20515-0915,202-225-1252
Roybal-Allard,Lucille,1941-06-12,F,rep,CA,40,Democrat,https://roybal-allard.house.gov,2083 Rayburn House Office Building; Washington DC 20515-0540,202-225-1766
Royce,Edward,1951-10-12,M,rep,CA,39,Republican,https://royce.house.gov,2310 Rayburn House Office Building; Washington DC 20515-0539,202-225-4111
Rubio,Marco,1971-05-28,M,sen,FL,,Republican,https://www.rubio.senate.gov,284 Russell Senate Office Building Washington DC 20510,202-224-3041
Ruppersberger,C.,1946-01-31,M,rep,MD,2,Democrat,https://ruppersberger.house.gov,2416 Rayburn House Office Building; Washington DC 20515-2002,202-225-3061
Rush,Bobby,1946-11-23,M,rep,IL,1,Democrat,https://rush.house.gov,2188 Rayburn House Office Building; Washington DC 20515-1301,202-225-4372
Ryan,Paul,1970-01-29,M,rep,WI,1,Republican,https://paulryan.house.gov,1233 Longworth House Office Building; Washington DC 20515-4901,202-225-3031
Ryan,Tim,1973-07-16,M,rep,OH,13,Democrat,https://timryan.house.gov,1126 Longworth House Office Building; Washington DC 20515-3513,202-225-5261
Sablan,Gregorio,1955-01-19,M,rep,MP,0,Democrat,https://sablan.house.gov,2411 Rayburn House Office Building; Washington DC 20515-5201,202-225-2646
Sarbanes,John,1962-05-22,M,rep,MD,3,Democrat,https://sarbanes.house.gov,2444 Rayburn House Office Building; Washington DC 20515-2003,202-225-4016
Scalise,Steve,1965-10-06,M,rep,LA,1,Republican,https://scalise.house.gov,2338 Rayburn House Office Building; Washington DC 20515-1801,202-225-3015
Schakowsky,Janice,1944-05-26,F,rep,IL,9,Democrat,https://schakowsky.house.gov,2367 Rayburn House Office Building; Washington DC 20515-1309,202-225-2111
Schiff,Adam,1960-06-22,M,rep,CA,28,Democrat,https://schiff.house.gov,2372 Rayburn House Office Building; Washington DC 20515-0528,202-225-4176
Schrader,Kurt,1951-10-19,M,rep,OR,5,Democrat,https://schrader.house.gov,2431 Rayburn House Office Building; Washington DC 20515-3705,202-225-5711
Schumer,Charles,1950-11-23,M,sen,NY,,Democrat,https://www.schumer.senate.gov,322 Hart Senate Office Building Washington DC 20510,202-224-6542
Schweikert,David,1962-03-03,M,rep,AZ,6,Republican,https://schweikert.house.gov,2059 Rayburn House Office Building; Washington DC 20515-0306,202-225-2190
Scott,Austin,1969-12-10,M,rep,GA,8,Republican,https://austinscott.house.gov,2417 Rayburn House Office Building; Washington DC 20515-1008,202-225-6531
Scott,David,1945-06-27,M,rep,GA,13,Democrat,https://davidscott.house.gov,225 Cannon House Office Building; Washington DC 20515-1013,202-225-2939
Scott,Robert,1947-04-30,M,rep,VA,3,Democrat,https://bobbyscott.house.gov,1201 Longworth House Office Building; Washington DC 20515-4603,202-225-8351
Scott,Tim,1965-09-19,M,sen,SC,,Republican,https://www.scott.senate.gov,717 Hart Senate Office Building Washington DC 20510,202-224-6121
Sensenbrenner,F.,1943-06-14,M,rep,WI,5,Republican,https://sensenbrenner.house.gov,2449 Rayburn House Office Building; Washington DC 20515-4905,202-225-5101
Serrano,José,1943-10-24,M,rep,NY,15,Democrat,https://serrano.house.gov,2354 Rayburn House Office Building; Washington DC 20515-3215,202-225-4361
Sessions,Pete,1955-03-22,M,rep,TX,32,Republican,https://sessions.house.gov,2233 Rayburn House Office Building; Washington DC 20515-4332,202-225-2231
Sewell,Terri,1965-01-01,F,rep,AL,7,Democrat,https://sewell.house.gov,2201 Rayburn House Office Building; Washington DC 20515-0107,202-225-2665
Shelby,Richard,1934-05-06,M,sen,AL,,Republican,https://www.shelby.senate.gov,304 Russell Senate Office Building Washington DC 20510,202-224-5744
Sherman,Brad,1954-10-24,M,rep,CA,30,Democrat,https://sherman.house.gov,2181 Rayburn House Office Building; Washington DC 20515-0530,202-225-5911
Shimkus,John,1958-02-21,M,rep,IL,15,Republican,https://shimkus.house.gov,2217 Rayburn House Office Building; Washington DC 20515-1315,202-225-5271
Shuster,Bill,1961-01-10,M,rep,PA,9,Republican,https://shuster.house.gov,2079 Rayburn House Office Building; Washington DC 20515-3809,202-225-2431
Simpson,Michael,1950-09-08,M,rep,ID,2,Republican,https://simpson.house.gov,2084 Rayburn House Office Building; Washington DC 20515-1202,202-225-5531
Sires,Albio,1951-01-26,M,rep,NJ,8,Democrat,https://sires.house.gov,2342 Rayburn House Office Building; Washington DC 20515-3008,202-225-7919
Smith,Adam,1965-06-15,M,rep,WA,9,Democrat,https://adamsmith.house.gov,2264 Rayburn House Office Building; Washington DC 20515-4709,202-225-8901
Smith,Adrian,1970-12-19,M,rep,NE,3,Republican,https://adriansmith.house.gov,320 Cannon House Office Building; Washington DC 20515-2703,202-225-6435
Smith,Christopher,1953-03-04,M,rep,NJ,4,Republican,https://chrissmith.house.gov,2373 Rayburn House Office Building; Washington DC 20515-3004,202-225-3765
Smith,Lamar,1947-11-19,M,rep,TX,21,Republican,https://lamarsmith.house.gov,2409 Rayburn House Office Building; Washington DC 20515-4321,202-225-4236
Speier,Jackie,1950-05-14,F,rep,CA,14,Democrat,https://speier.house.gov,2465 Rayburn House Office Building; Washington DC 20515-0514,202-225-3531
Stivers,Steve,1965-03-24,M,rep,OH,15,Republican,https://stivers.house.gov,1022 Longworth House Office Building; Washington DC 20515-3515,202-225-2015
Sánchez,Linda,1969-01-28,F,rep,CA,38,Democrat,https://lindasanchez.house.gov,2329 Rayburn House Office Building; Washington DC 20515-0538,202-225-6676
Thompson,Bennie,1948-01-28,M,rep,MS,2,Democrat,https://benniethompson.house.gov,2466 Rayburn House Office Building; Washington DC 20515-2402,202-225-5876
Thompson,Mike,1951-01-24,M,rep,CA,5,Democrat,https://mikethompson.house.gov,231 Cannon House Office Building; Washington DC 20515-0505,202-225-3311
Thompson,Glenn,1959-07-27,M,rep,PA,5,Republican,https://thompson.house.gov,124 Cannon House Office Building; Washington DC 20515-3805,202-225-5121
Thornberry,Mac,1958-07-15,M,rep,TX,13,Republican,https://thornberry.house.gov,2208 Rayburn House Office Building; Washington DC 20515-4313,202-225-3706
Thune,John,1961-01-07,M,sen,SD,,Republican,https://www.thune.senate.gov,511 Dirksen Senate Office Building Washington DC 20510,202-224-2321
Tipton,Scott,1956-11-09,M,rep,CO,3,Republican,https://tipton.house.gov,218 Cannon House Office Building; Washington DC 20515-0603,202-225-4761
Tonko,Paul,1949-06-18,M,rep,NY,20,Democrat,https://tonko.house.gov,2463 Rayburn House Office Building; Washington DC 20515-3220,202-225-5076
Toomey,Patrick,1961-11-17,M,sen,PA,,Republican,https://www.toomey.senate.gov,248 Russell Senate Office Building Washington DC 20510,202-224-4254
Tsongas,Niki,1946-04-26,F,rep,MA,3,Democrat,https://tsongas.house.gov,1714 Longworth House Office Building; Washington DC 20515-2103,202-225-3411
Turner,Michael,1960-01-11,M,rep,OH,10,Republican,https://turner.house.gov,2368 Rayburn House Office Building; Washington DC 20515-3510,202-225-6465
Upton,Fred,1953-04-23,M,rep,MI,6,Republican,https://upton.house.gov,2183 Rayburn House Office Building; Washington DC 20515-2206,202-225-3761
Van Hollen,Chris,1959-01-10,M,sen,MD,,Democrat,https://www.vanhollen.senate.gov,110 Hart Senate Office Building Washington DC 20510,202-224-4654
Velázquez,Nydia,1953-03-28,F,rep,NY,7,Democrat,https://velazquez.house.gov,2302 Rayburn House Office Building; Washington DC 20515-3207,202-225-2361
Visclosky,Peter,1949-08-13,M,rep,IN,1,Democrat,https://visclosky.house.gov,2328 Rayburn House Office Building; Washington DC 20515-1401,202-225-2461
Walberg,Tim,1951-04-12,M,rep,MI,7,Republican,https://walberg.house.gov,2436 Rayburn House Office Building; Washington DC 20515-2207,202-225-6276
Walden,Greg,1957-01-10,M,rep,OR,2,Republican,https://walden.house.gov,2185 Rayburn House Office Building; Washington DC 20515-3702,202-225-6730
Walz,Timothy,1964-04-06,M,rep,MN,1,Democrat,https://walz.house.gov,2313 Rayburn House Office Building; Washington DC 20515-2301,202-225-2472
Wasserman Schultz,Debbie,1966-09-27,F,rep,FL,23,Democrat,https://wassermanschultz.house.gov,1114 Longworth House Office Building; Washington DC 20515-0923,202-225-7931
Waters,Maxine,1938-08-15,F,rep,CA,43,Democrat,https://waters.house.gov,2221 Rayburn House Office Building; Washington DC 20515-0543,202-225-2201
Webster,Daniel,1949-04-27,M,rep,FL,11,Republican,https://webster.house.gov,1210 Longworth House Office Building; Washington DC 20515-0911,202-225-1002
Welch,Peter,1947-05-02,M,rep,VT,0,Democrat,https://welch.house.gov,2303 Rayburn House Office Building; Washington DC 20515-4500,202-225-4115
Wilson,Joe,1947-07-31,M,rep,SC,2,Republican,https://joewilson.house.gov,1436 Longworth House Office Building; Washington DC 20515-4002,202-225-2452
Wilson,Frederica,1942-11-05,F,rep,FL,24,Democrat,https://wilson.house.gov,2445 Rayburn House Office Building; Washington DC 20515-0924,202-225-4506
Wittman,Robert,1959-02-03,M,rep,VA,1,Republican,https://wittman.house.gov,2055 Rayburn House Office Building; Washington DC 20515-4601,202-225-4261
Womack,Steve,1957-02-18,M,rep,AR,3,Republican,https://womack.house.gov,2412 Rayburn House Office Building; Washington DC 20515-0403,202-225-4301
Woodall,Rob,1970-02-11,M,rep,GA,7,Republican,https://woodall.house.gov,1724 Longworth House Office Building; Washington DC 20515-1007,202-225-4272
Wyden,Ron,1949-05-03,M,sen,OR,,Democrat,https://www.wyden.senate.gov,221 Dirksen Senate Office Building Washington DC 20510,202-224-5244
Yarmuth,John,1947-11-04,M,rep,KY,3,Democrat,https://yarmuth.house.gov,131 Cannon House Office Building; Washington DC 20515-1703,202-225-5401
Yoder,Kevin,1976-01-08,M,rep,KS,3,Republican,https://yoder.house.gov,2433 Rayburn House Office Building; Washington DC 20515-1603,202-225-2865
Young,Don,1933-06-09,M,rep,AK,0,Republican,https://donyoung.house.gov,2314 Rayburn House Office Building; Washington DC 20515-0200,202-225-5765
Young,Todd,1972-08-24,M,sen,IN,,Republican,https://www.young.senate.gov,400 Russell Senate Office Building Washington DC 20510,202-224-5623
Heller,Dean,1960-05-10,M,sen,NV,,Republican,https://www.heller.senate.gov/public,324 Hart Senate Office Building Washington DC 20510,202-224-6244
Amodei,Mark,1958-06-12,M,rep,NV,2,Republican,https://amodei.house.gov,332 Cannon House Office Building; Washington DC 20515-2802,202-225-6155
Bonamici,Suzanne,1954-10-14,F,rep,OR,1,Democrat,https://bonamici.house.gov,439 Cannon House Office Building; Washington DC 20515-3701,202-225-0855
DelBene,Suzan,1962-02-17,F,rep,WA,1,Democrat,https://delbene.house.gov,2442 Rayburn House Office Building; Washington DC 20515-4701,202-225-6311
Massie,Thomas,1971-01-13,M,rep,KY,4,Republican,https://massie.house.gov,2453 Rayburn House Office Building; Washington DC 20515-1704,202-225-3465
Payne,Donald,1958-12-17,M,rep,NJ,10,Democrat,https://payne.house.gov,132 Cannon House Office Building; Washington DC 20515-3010,202-225-3436
Schatz,Brian,1972-10-20,M,sen,HI,,Democrat,https://www.schatz.senate.gov,722 Hart Senate Office Building Washington DC 20510,202-224-3934
Foster,Bill,1955-10-07,M,rep,IL,11,Democrat,https://foster.house.gov,1224 Longworth House Office Building; Washington DC 20515-1311,202-225-3515
Titus,Dina,1950-05-23,F,rep,NV,1,Democrat,https://titus.house.gov,2464 Rayburn House Office Building; Washington DC 20515-2801,202-225-5965
Cotton,Tom,1977-05-13,M,sen,AR,,Republican,https://www.cotton.senate.gov,124 Russell Senate Office Building Washington DC 20510,202-224-2353
Sinema,Kyrsten,1976-07-12,F,rep,AZ,9,Democrat,https://sinema.house.gov,1725 Longworth House Office Building; Washington DC 20515-0309,202-225-9888
LaMalfa,Doug,1960-07-02,M,rep,CA,1,Republican,https://lamalfa.house.gov,322 Cannon House Office Building; Washington DC 20515-0501,202-225-3076
Huffman,Jared,1964-02-18,M,rep,CA,2,Democrat,https://huffman.house.gov,1406 Longworth House Office Building; Washington DC 20515-0502,202-225-5161
Bera,Ami,1965-03-02,M,rep,CA,7,Democrat,https://bera.house.gov,1431 Longworth House Office Building; Washington DC 20515-0507,202-225-5716
Cook,Paul,1943-03-03,M,rep,CA,8,Republican,https://cook.house.gov,1222 Longworth House Office Building; Washington DC 20515-0508,202-225-5861
Swalwell,Eric,1980-11-16,M,rep,CA,15,Democrat,https://swalwell.house.gov,129 Cannon House Office Building; Washington DC 20515-0515,202-225-5065
Valadao,David,1977-04-14,M,rep,CA,21,Republican,https://valadao.house.gov,1728 Longworth House Office Building; Washington DC 20515-0521,202-225-4695
Brownley,Julia,1952-08-28,F,rep,CA,26,Democrat,https://juliabrownley.house.gov,1019 Longworth House Office Building; Washington DC 20515-0526,202-225-5811
Cárdenas,Tony,1963-03-31,M,rep,CA,29,Democrat,https://cardenas.house.gov,1510 Longworth House Office Building; Washington DC 20515-0529,202-225-6131
Ruiz,Raul,1972-08-25,M,rep,CA,36,Democrat,https://ruiz.house.gov,1319 Longworth House Office Building; Washington DC 20515-0536,202-225-5330
Takano,Mark,1960-12-10,M,rep,CA,41,Democrat,https://takano.house.gov,1507 Longworth House Office Building; Washington DC 20515-0541,202-225-2305
Lowenthal,Alan,1941-03-08,M,rep,CA,47,Democrat,https://lowenthal.house.gov,125 Cannon House Office Building; Washington DC 20515-0547,202-225-7924
Vargas,Juan,1961-03-07,M,rep,CA,51,Democrat,https://vargas.house.gov,1605 Longworth House Office Building; Washington DC 20515-0551,202-225-8045
Peters,Scott,1958-06-17,M,rep,CA,52,Democrat,https://scottpeters.house.gov,1122 Longworth House Office Building; Washington DC 20515-0552,202-225-0508
Esty,Elizabeth,1959-08-25,F,rep,CT,5,Democrat,https://esty.house.gov,221 Cannon House Office Building; Washington DC 20515-0705,202-225-4476
Yoho,Ted,1955-04-13,M,rep,FL,3,Republican,https://yoho.house.gov,511 Cannon House Office Building; Washington DC 20515-0903,202-225-5744
DeSantis,Ron,1978-09-14,M,rep,FL,6,Republican,https://desantis.house.gov,1524 Longworth House Office Building; Washington DC 20515-0906,202-225-2706
Frankel,Lois,1948-05-16,F,rep,FL,21,Democrat,https://frankel.house.gov,1037 Longworth House Office Building; Washington DC 20515-0921,202-225-9890
Collins,Doug,1966-08-16,M,rep,GA,9,Republican,https://dougcollins.house.gov,1504 Longworth House Office Building; Washington DC 20515-1009,202-225-9893
Gabbard,Tulsi,1981-04-12,F,rep,HI,2,Democrat,https://gabbard.house.gov,1433 Longworth House Office Building; Washington DC 20515-1102,202-225-4906
Duckworth,Tammy,1968-03-12,F,sen,IL,,Democrat,https://www.duckworth.senate.gov,524 Hart Senate Office Building Washington DC 20510,202-224-2854
Davis,Rodney,1970-01-05,M,rep,IL,13,Republican,https://rodneydavis.house.gov,1740 Longworth House Office Building; Washington DC 20515-1313,202-225-2371
Bustos,Cheri,1961-10-17,F,rep,IL,17,Democrat,https://bustos.house.gov,1009 Longworth House Office Building; Washington DC 20515-1317,202-225-5905
Walorski,Jackie,1963-08-17,F,rep,IN,2,Republican,https://walorski.house.gov,419 Cannon House Office Building; Washington DC 20515-1402,202-225-3915
Brooks,Susan,1960-08-25,F,rep,IN,5,Republican,https://susanwbrooks.house.gov,1030 Longworth House Office Building; Washington DC 20515-1405,202-225-2276
Messer,Luke,1969-02-27,M,rep,IN,6,Republican,https://messer.house.gov,1230 Longworth House Office Building; Washington DC 20515-1406,202-225-3021
Barr,Garland,1973-07-24,M,rep,KY,6,Republican,https://barr.house.gov,1427 Longworth House Office Building; Washington DC 20515-1706,202-225-4706
Warren,Elizabeth,1949-06-22,F,sen,MA,,Democrat,https://www.warren.senate.gov,317 Hart Senate Office Building Washington DC 20510,202-224-4543
Kennedy,Joseph,1980-10-04,M,rep,MA,4,Democrat,https://kennedy.house.gov,434 Cannon House Office Building; Washington DC 20515-2104,202-225-5931
Delaney,John,1963-04-16,M,rep,MD,6,Democrat,https://delaney.house.gov,1632 Longworth House Office Building; Washington DC 20515-2006,202-225-2721
King,Angus,1944-03-31,M,sen,ME,,Independent,https://www.king.senate.gov,133 Hart Senate Office Building Washington DC 20510,202-224-5344
Kildee,Daniel,1958-08-11,M,rep,MI,5,Democrat,https://dankildee.house.gov,227 Cannon House Office Building; Washington DC 20515-2205,202-225-3611
Nolan,Richard,1943-12-17,M,rep,MN,8,Democrat,https://nolan.house.gov,2366 Rayburn House Office Building; Washington DC 20515-2308,202-225-6211
Wagner,Ann,1962-09-13,F,rep,MO,2,Republican,https://wagner.house.gov,435 Cannon House Office Building; Washington DC 20515-2502,202-225-1621
Daines,Steve,1962-08-20,M,sen,MT,,Republican,https://www.daines.senate.gov,320 Hart Senate Office Building Washington DC 20510,202-224-2651
Hudson,Richard,1971-11-04,M,rep,NC,8,Republican,https://hudson.house.gov,429 Cannon House Office Building; Washington DC 20515-3308,202-225-3715
Pittenger,Robert,1948-08-15,M,rep,NC,9,Republican,https://pittenger.house.gov,224 Cannon House Office Building; Washington DC 20515-3309,202-225-1976
Meadows,Mark,1959-07-28,M,rep,NC,11,Republican,https://meadows.house.gov,1024 Longworth House Office Building; Washington DC 20515-3311,202-225-6401
Holding,George,1968-04-17,M,rep,NC,2,Republican,https://holding.house.gov,1110 Longworth House Office Building; Washington DC 20515-3302,202-225-3032
Heitkamp,Heidi,1955-10-30,F,sen,ND,,Democrat,https://www.heitkamp.senate.gov/public,516 Hart Senate Office Building Washington DC 20510,202-224-2043
Cramer,Kevin,1961-01-21,M,rep,ND,0,Republican,https://cramer.house.gov,1717 Longworth House Office Building; Washington DC 20515-3400,202-225-2611
Fischer,Deb,1951-03-01,F,sen,NE,,Republican,https://www.fischer.senate.gov,454 Russell Senate Office Building Washington DC 20510,202-224-6551
Kuster,Ann,1956-09-05,F,rep,NH,2,Democrat,https://kuster.house.gov,137 Cannon House Office Building; Washington DC 20515-2902,202-225-5206
Lujan Grisham,Michelle,1959-10-24,F,rep,NM,1,Democrat,https://lujangrisham.house.gov,214 Cannon House Office Building; Washington DC 20515-3101,202-225-6316
Meng,Grace,1975-10-01,F,rep,NY,6,Democrat,https://meng.house.gov,1317 Longworth House Office Building; Washington DC 20515-3206,202-225-2601
Jeffries,Hakeem,1970-08-04,M,rep,NY,8,Democrat,https://jeffries.house.gov,1607 Longworth House Office Building; Washington DC 20515-3208,202-225-5936
Maloney,Sean,1966-07-30,M,rep,NY,18,Democrat,https://seanmaloney.house.gov,1027 Longworth House Office Building; Washington DC 20515-3218,202-225-5441
Collins,Chris,1950-05-20,M,rep,NY,27,Republican,https://chriscollins.house.gov,1117 Longworth House Office Building; Washington DC 20515-3227,202-225-5265
Wenstrup,Brad,1958-06-17,M,rep,OH,2,Republican,https://wenstrup.house.gov,2419 Rayburn House Office Building; Washington DC 20515-3502,202-225-3164
Beatty,Joyce,1950-03-12,F,rep,OH,3,Democrat,https://beatty.house.gov,133 Cannon House Office Building; Washington DC 20515-3503,202-225-4324
Joyce,David,1957-03-17,M,rep,OH,14,Republican,https://joyce.house.gov,1124 Longworth House Office Building; Washington DC 20515-3514,202-225-5731
Mullin,Markwayne,1977-07-26,M,rep,OK,2,Republican,https://mullin.house.gov,1113 Longworth House Office Building; Washington DC 20515-3602,202-225-2701
Perry,Scott,1962-05-27,M,rep,PA,4,Republican,https://perry.house.gov,1207 Longworth House Office Building; Washington DC 20515-3804,202-225-5836
Rothfus,Keith,1962-04-25,M,rep,PA,12,Republican,https://rothfus.house.gov,1205 Longworth House Office Building; Washington DC 20515-3812,202-225-2065
Cartwright,Matthew,1961-05-01,M,rep,PA,17,Democrat,https://cartwright.house.gov,1034 Longworth House Office Building; Washington DC 20515-3817,202-225-5546
Rice,Tom,1957-08-04,M,rep,SC,7,Republican,https://rice.house.gov,223 Cannon House Office Building; Washington DC 20515-4007,202-225-9895
Cruz,Ted,1970-12-22,M,sen,TX,,Republican,https://www.cruz.senate.gov,404 Russell Senate Office Building Washington DC 20510,202-224-5922
Weber,Randy,1953-07-02,M,rep,TX,14,Republican,https://weber.house.gov,1708 Longworth House Office Building; Washington DC 20515-4314,202-225-2831
O’Rourke,Beto,1972-09-26,M,rep,TX,16,Democrat,https://orourke.house.gov,1330 Longworth House Office Building; Washington DC 20515-4316,202-225-4831
Castro,Joaquin,1974-09-16,M,rep,TX,20,Democrat,https://castro.house.gov,1221 Longworth House Office Building; Washington DC 20515-4320,202-225-3236
Williams,Roger,1949-09-13,M,rep,TX,25,Republican,https://williams.house.gov,1323 Longworth House Office Building; Washington DC 20515-4325,202-225-9896
Veasey,Marc,1971-01-03,M,rep,TX,33,Democrat,https://veasey.house.gov,1519 Longworth House Office Building; Washington DC 20515-4333,202-225-9897
Vela,Filemon,1963-02-13,M,rep,TX,34,Democrat,https://vela.house.gov,437 Cannon House Office Building; Washington DC 20515-4334,202-225-9901
Stewart,Chris,1960-07-15,M,rep,UT,2,Republican,https://stewart.house.gov,323 Cannon House Office Building; Washington DC 20515-4402,202-225-9730
Kaine,Timothy,1958-02-26,M,sen,VA,,Democrat,https://www.kaine.senate.gov,231 Russell Senate Office Building Washington DC 20510,202-224-4024
Kilmer,Derek,1974-01-01,M,rep,WA,6,Democrat,https://kilmer.house.gov,1520 Longworth House Office Building; Washington DC 20515-4706,202-225-5916
Heck,Denny,1952-07-29,M,rep,WA,10,Democrat,https://dennyheck.house.gov,425 Cannon House Office Building; Washington DC 20515-4710,202-225-9740
Pocan,Mark,1964-08-14,M,rep,WI,2,Democrat,https://pocan.house.gov,1421 Longworth House Office Building; Washington DC 20515-4902,202-225-2906
Kelly,Robin,1956-04-30,F,rep,IL,2,Democrat,https://robinkelly.house.gov,1239 Longworth House Office Building; Washington DC 20515-1302,202-225-0773
Sanford,Marshall,1960-05-28,M,rep,SC,1,Republican,https://sanford.house.gov,2211 Rayburn House Office Building; Washington DC 20515-4001,202-225-3176
Smith,Jason,1980-06-16,M,rep,MO,8,Republican,https://jasonsmith.house.gov,1118 Longworth House Office Building; Washington DC 20515-2508,202-225-4404
Booker,Cory,1969-04-27,M,sen,NJ,,Democrat,https://www.booker.senate.gov,359 Dirksen Senate Office Building Washington DC 20510,202-224-3224
Clark,Katherine,1963-07-17,F,rep,MA,5,Democrat,https://katherineclark.house.gov,1415 Longworth House Office Building; Washington DC 20515-2105,202-225-2836
Byrne,Bradley,1955-02-16,M,rep,AL,1,Republican,https://byrne.house.gov,119 Cannon House Office Building; Washington DC 20515-0101,202-225-4931
Brat,David,1964-07-27,M,rep,VA,7,Republican,https://brat.house.gov,1628 Longworth House Office Building; Washington DC 20515-4607,202-225-2815
Norcross,Donald,1958-12-13,M,rep,NJ,1,Democrat,https://norcross.house.gov,1531 Longworth House Office Building; Washington DC 20515-3001,202-225-6501
Adams,Alma,1946-05-27,F,rep,NC,12,Democrat,https://adams.house.gov,222 Cannon House Office Building; Washington DC 20515-3312,202-225-1510
Palmer,Gary,1954-05-14,M,rep,AL,6,Republican,https://palmer.house.gov,330 Cannon House Office Building; Washington DC 20515-0106,202-225-4921
Hill,French,1956-12-05,M,rep,AR,2,Republican,https://hill.house.gov,1229 Longworth House Office Building; Washington DC 20515-0402,202-225-2506
Westerman,Bruce,1967-11-18,M,rep,AR,4,Republican,https://westerman.house.gov,130 Cannon House Office Building; Washington DC 20515-0404,202-225-3772
McSally,Martha,1966-03-22,F,rep,AZ,2,Republican,https://mcsally.house.gov,510 Cannon House Office Building; Washington DC 20515-0302,202-225-2542
Gallego,Ruben,1979-11-20,M,rep,AZ,7,Democrat,https://rubengallego.house.gov,1218 Longworth House Office Building; Washington DC 20515-0307,202-225-4065
DeSaulnier,Mark,1952-03-31,M,rep,CA,11,Democrat,https://desaulnier.house.gov,115 Cannon House Office Building; Washington DC 20515-0511,202-225-2095
Knight,Steve,1966-12-17,M,rep,CA,25,Republican,https://knight.house.gov,1023 Longworth House Office Building; Washington DC 20515-0525,202-225-1956
Aguilar,Pete,1979-06-19,M,rep,CA,31,Democrat,https://aguilar.house.gov,1223 Longworth House Office Building; Washington DC 20515-0531,202-225-3201
Lieu,Ted,1969-03-29,M,rep,CA,33,Democrat,https://lieu.house.gov,236 Cannon House Office Building; Washington DC 20515-0533,202-225-3976
Torres,Norma,1965-04-04,F,rep,CA,35,Democrat,https://torres.house.gov,1713 Longworth House Office Building; Washington DC 20515-0535,202-225-6161
Walters,Mimi,1962-05-14,F,rep,CA,45,Republican,https://walters.house.gov,215 Cannon House Office Building; Washington DC 20515-0545,202-225-5611
Buck,Ken,1959-02-16,M,rep,CO,4,Republican,https://buck.house.gov,1130 Longworth House Office Building; Washington DC 20515-0604,202-225-4676
Curbelo,Carlos,1980-03-01,M,rep,FL,26,Republican,https://curbelo.house.gov,1404 Longworth House Office Building; Washington DC 20515-0926,202-225-2778
Carter,Buddy,1957-09-06,M,rep,GA,1,Republican,https://buddycarter.house.gov,432 Cannon House Office Building; Washington DC 20515-1001,202-225-5831
Hice,Jody,1960-04-22,M,rep,GA,10,Republican,https://hice.house.gov,324 Cannon House Office Building; Washington DC 20515-1010,202-225-4101
Loudermilk,Barry,1963-12-22,M,rep,GA,11,Republican,https://loudermilk.house.gov,329 Cannon House Office Building; Washington DC 20515-1011,202-225-2931
Allen,Rick,1951-11-07,M,rep,GA,12,Republican,https://allen.house.gov,426 Cannon House Office Building; Washington DC 20515-1012,202-225-2823
Blum,Rod,1955-04-26,M,rep,IA,1,Republican,https://blum.house.gov,1108 Longworth House Office Building; Washington DC 20515-1501,202-225-2911
Young,David,1968-05-11,M,rep,IA,3,Republican,https://davidyoung.house.gov,240 Cannon House Office Building; Washington DC 20515-1503,202-225-5476
Bost,Mike,1960-12-30,M,rep,IL,12,Republican,https://bost.house.gov,1440 Longworth House Office Building; Washington DC 20515-1312,202-225-5661
Abraham,Ralph,1954-09-16,M,rep,LA,5,Republican,https://abraham.house.gov,417 Cannon House Office Building; Washington DC 20515-1805,202-225-8490
Graves,Garret,1972-01-31,M,rep,LA,6,Republican,https://garretgraves.house.gov,430 Cannon House Office Building; Washington DC 20515-1806,202-225-3901
Moulton,Seth,1978-10-24,M,rep,MA,6,Democrat,https://moulton.house.gov,1408 Longworth House Office Building; Washington DC 20515-2106,202-225-8020
Poliquin,Bruce,1953-11-01,M,rep,ME,2,Republican,https://poliquin.house.gov,1208 Longworth House Office Building; Washington DC 20515-1902,202-225-6306
Moolenaar,John,1961-05-08,M,rep,MI,4,Republican,https://moolenaar.house.gov,117 Cannon House Office Building; Washington DC 20515-2204,202-225-3561
Bishop,Mike,1967-03-18,M,rep,MI,8,Republican,https://mikebishop.house.gov,428 Cannon House Office Building; Washington DC 20515-2208,202-225-4872
Trott,Dave,1960-10-16,M,rep,MI,11,Republican,https://trott.house.gov,1722 Longworth House Office Building; Washington DC 20515-2211,202-225-8171
Dingell,Debbie,1953-11-23,F,rep,MI,12,Democrat,https://debbiedingell.house.gov,116 Cannon House Office Building; Washington DC 20515-2212,202-225-4071
Lawrence,Brenda,1954-10-18,F,rep,MI,14,Democrat,https://lawrence.house.gov,1213 Longworth House Office Building; Washington DC 20515-2214,202-225-5802
Emmer,Tom,1961-03-03,M,rep,MN,6,Republican,https://emmer.house.gov,315 Cannon House Office Building; Washington DC 20515-2306,202-225-2331
Rouzer,David,1972-02-16,M,rep,NC,7,Republican,https://rouzer.house.gov,424 Cannon House Office Building; Washington DC 20515-3307,202-225-2731
MacArthur,Tom,1960-10-16,M,rep,NJ,3,Republican,https://macarthur.house.gov,506 Cannon House Office Building; Washington DC 20515-3003,202-225-4765
Watson Coleman,Bonnie,1945-02-06,F,rep,NJ,12,Democrat,https://watsoncoleman.house.gov,1535 Longworth House Office Building; Washington DC 20515-3012,202-225-5801
Zeldin,Lee,1980-01-30,M,rep,NY,1,Republican,https://zeldin.house.gov,1517 Longworth House Office Building; Washington DC 20515-3201,202-225-3826
Rice,Kathleen,1965-02-15,F,rep,NY,4,Democrat,https://kathleenrice.house.gov,1508 Longworth House Office Building; Washington DC 20515-3204,202-225-5516
Stefanik,Elise,1984-07-02,F,rep,NY,21,Republican,https://stefanik.house.gov,318 Cannon House Office Building; Washington DC 20515-3221,202-225-4611
Katko,John,1962-11-09,M,rep,NY,24,Republican,https://katko.house.gov,1620 Longworth House Office Building; Washington DC 20515-3224,202-225-3701
Russell,Steve,1963-05-25,M,rep,OK,5,Republican,https://russell.house.gov,128 Cannon House Office Building; Washington DC 20515-3605,202-225-2132
Costello,Ryan,1976-09-07,M,rep,PA,6,Republican,https://costello.house.gov,326 Cannon House Office Building; Washington DC 20515-3806,202-225-4315
Boyle,Brendan,1977-02-06,M,rep,PA,13,Democrat,https://boyle.house.gov,1133 Longworth House Office Building; Washington DC 20515-3813,202-225-6111
Ratcliffe,John,1965-10-20,M,rep,TX,4,Republican,https://ratcliffe.house.gov,325 Cannon House Office Building; Washington DC 20515-4304,202-225-6673
Hurd,Will,1977-08-19,M,rep,TX,23,Republican,https://hurd.house.gov,317 Cannon House Office Building; Washington DC 20515-4323,202-225-4511
Babin,Brian,1948-03-23,M,rep,TX,36,Republican,https://babin.house.gov,316 Cannon House Office Building; Washington DC 20515-4336,202-225-1555
Love,Mia,1975-12-06,F,rep,UT,4,Republican,https://love.house.gov,217 Cannon House Office Building; Washington DC 20515-4404,202-225-3011
Beyer,Donald,1950-06-20,M,rep,VA,8,Democrat,https://beyer.house.gov,1119 Longworth House Office Building; Washington DC 20515-4608,202-225-4376
Comstock,Barbara,1959-06-30,F,rep,VA,10,Republican,https://comstock.house.gov,229 Cannon House Office Building; Washington DC 20515-4610,202-225-5136
Plaskett,Stacey,1964-05-13,F,rep,VI,0,Democrat,https://plaskett.house.gov,331 Cannon House Office Building; Washington DC 20515-5500,202-225-1790
Newhouse,Dan,1955-07-10,M,rep,WA,4,Republican,https://newhouse.house.gov,1318 Longworth House Office Building; Washington DC 20515-4704,202-225-5816
Grothman,Glenn,1955-07-03,M,rep,WI,6,Republican,https://grothman.house.gov,1217 Longworth House Office Building; Washington DC 20515-4906,202-225-2476
Mooney,Alex,1971-06-05,M,rep,WV,2,Republican,https://mooney.house.gov,1232 Longworth House Office Building; Washington DC 20515-4802,202-225-2711
Jenkins,Evan,1960-09-12,M,rep,WV,3,Republican,https://evanjenkins.house.gov,1609 Longworth House Office Building; Washington DC 20515-4803,202-225-3452
Amata,Aumua,1947-12-29,F,rep,AS,0,Republican,https://radewagen.house.gov,1339 Longworth House Office Building; Washington DC 20515-5200,202-225-8577
Sullivan,Dan,1964-11-13,M,sen,AK,,Republican,https://www.sullivan.senate.gov,702 Hart Senate Office Building Washington DC 20510,202-224-3004
Perdue,David,1949-12-10,M,sen,GA,,Republican,https://www.perdue.senate.gov,455 Russell Senate Office Building Washington DC 20510,202-224-3521
Ernst,Joni,1970-07-01,F,sen,IA,,Republican,https://www.ernst.senate.gov/public,111 Russell Senate Office Building Washington DC 20510,202-224-3254
Tillis,Thom,1960-08-30,M,sen,NC,,Republican,https://www.tillis.senate.gov/public,185 Dirksen Senate Office Building Washington DC 20510,202-224-6342
Rounds,Mike,1954-10-24,M,sen,SD,,Republican,https://www.rounds.senate.gov,502 Hart Senate Office Building Washington DC 20510,202-224-5842
Walker,Mark,1969-05-20,M,rep,NC,6,Republican,https://walker.house.gov,1305 Longworth House Office Building; Washington DC 20515-3306,202-225-3065
Sasse,Benjamin,1972-02-22,M,sen,NE,,Republican,https://www.sasse.senate.gov/public,136 Russell Senate Office Building Washington DC 20510,202-224-4224
Donovan,Daniel,1956-11-06,M,rep,NY,11,Republican,https://donovan.house.gov,1541 Longworth House Office Building; Washington DC 20515-3211,202-225-3371
Kelly,Trent,1966-03-01,M,rep,MS,1,Republican,https://trentkelly.house.gov,1721 Longworth House Office Building; Washington DC 20515-2401,202-225-4306
LaHood,Darin,1968-07-05,M,rep,IL,18,Republican,https://lahood.house.gov,1424 Longworth House Office Building; Washington DC 20515-1318,202-225-6201
Davidson,Warren,1970-03-01,M,rep,OH,8,Republican,https://davidson.house.gov,1004 Longworth House Office Building; Washington DC 20515-3508,202-225-6205
Hanabusa,Colleen,1951-05-04,F,rep,HI,1,Democrat,https://hanabusa.house.gov,422 Cannon House Office Building; Washington DC 20515-1101,202-225-2726
Comer,James,1972-08-19,M,rep,KY,1,Republican,https://comer.house.gov,1513 Longworth House Office Building; Washington DC 20515-1701,202-225-3115
Evans,Dwight,1954-05-16,M,rep,PA,2,Democrat,https://evans.house.gov,1105 Longworth House Office Building; Washington DC 20515-3802,202-225-4001
Harris,Kamala,1964-10-20,F,sen,CA,,Democrat,https://www.harris.senate.gov,112 Hart Senate Office Building Washington DC 20510,202-224-3553
Kennedy,John,1951-11-21,M,sen,LA,,Republican,https://www.kennedy.senate.gov/public,383 Russell Senate Office Building Washington DC 20510,202-224-4623
Hassan,Margaret,1958-02-27,F,sen,NH,,Democrat,https://www.hassan.senate.gov,330 Hart Senate Office Building Washington DC 20510,202-224-3324
Cortez Masto,Catherine,1964-03-29,F,sen,NV,,Democrat,https://www.cortezmasto.senate.gov,204 Russell Senate Office Building Washington DC 20510,202-224-3542
Schneider,Bradley,1961-08-20,M,rep,IL,10,Democrat,https://schneider.house.gov,1432 Longworth House Office Building; Washington DC 20515-1310,202-225-4835
Shea-Porter,Carol,1952-12-02,F,rep,NH,1,Democrat,https://shea-porter.house.gov,1530 Longworth House Office Building; Washington DC 20515-2901,202-225-5456
O’Halleran,Tom,1946-01-24,M,rep,AZ,1,Democrat,https://ohalleran.house.gov,126 Cannon House Office Building; Washington DC 20515-0301,202-225-3361
Biggs,Andy,1958-11-07,M,rep,AZ,5,Republican,https://biggs.house.gov,1626 Longworth House Office Building; Washington DC 20515-0305,202-225-2635
Khanna,Ro,1976-09-13,M,rep,CA,17,Democrat,https://khanna.house.gov,513 Cannon House Office Building; Washington DC 20515-0517,202-225-2631
Panetta,Jimmy,1969-10-01,M,rep,CA,20,Democrat,https://panetta.house.gov,228 Cannon House Office Building; Washington DC 20515-0520,202-225-2861
Carbajal,Salud,1964-11-18,M,rep,CA,24,Democrat,https://carbajal.house.gov,212 Cannon House Office Building; Washington DC 20515-0524,202-225-3601
Barragán,Nanette,1976-09-15,F,rep,CA,44,Democrat,https://barragan.house.gov,1320 Longworth House Office Building; Washington DC 20515-0544,202-225-8220
Correa,J.,1958-01-24,M,rep,CA,46,Democrat,https://correa.house.gov,1039 Longworth House Office Building; Washington DC 20515-0546,202-225-2965
Blunt Rochester,Lisa,1962-02-10,F,rep,DE,0,Democrat,https://bluntrochester.house.gov,1123 Longworth House Office Building; Washington DC 20515-0800,202-225-4165
Gaetz,Matt,1982-05-07,M,rep,FL,1,Republican,https://gaetz.house.gov,507 Cannon House Office Building; Washington DC 20515-0901,202-225-4136
Dunn,Neal,1953-02-16,M,rep,FL,2,Republican,https://dunn.house.gov,423 Cannon House Office Building; Washington DC 20515-0902,202-225-5235
Rutherford,John,1952-09-02,M,rep,FL,4,Republican,https://rutherford.house.gov,230 Cannon House Office Building; Washington DC 20515-0904,202-225-2501
Lawson,Al,1948-09-21,M,rep,FL,5,Democrat,https://lawson.house.gov,1337 Longworth House Office Building; Washington DC 20515-0905,202-225-0123
Murphy,Stephanie,1978-09-16,F,rep,FL,7,Democrat,https://stephaniemurphy.house.gov,1237 Longworth House Office Building; Washington DC 20515-0907,202-225-4035
Soto,Darren,1978-02-25,M,rep,FL,9,Democrat,https://soto.house.gov,1429 Longworth House Office Building; Washington DC 20515-0909,202-225-9889
Demings,Val,1957-03-12,F,rep,FL,10,Democrat,https://demings.house.gov,238 Cannon House Office Building; Washington DC 20515-0910,202-225-2176
Crist,Charlie,1956-07-24,M,rep,FL,13,Democrat,https://crist.house.gov,427 Cannon House Office Building; Washington DC 20515-0913,202-225-5961
Mast,Brian,1980-07-10,M,rep,FL,18,Republican,https://mast.house.gov,2182 Rayburn House Office Building; Washington DC 20515-0918,202-225-3026
Rooney,Francis,1953-12-04,M,rep,FL,19,Republican,https://francisrooney.house.gov,120 Cannon House Office Building; Washington DC 20515-0919,202-225-2536
Ferguson,A.,1967-11-15,M,rep,GA,3,Republican,https://ferguson.house.gov,1032 Longworth House Office Building; Washington DC 20515-1003,202-225-5901
Krishnamoorthi,Raja,1973-07-19,M,rep,IL,8,Democrat,https://krishnamoorthi.house.gov,515 Cannon House Office Building; Washington DC 20515-1308,202-225-3711
Banks,Jim,1979-07-16,M,rep,IN,3,Republican,https://banks.house.gov,509 Cannon House Office Building; Washington DC 20515-1403,202-225-4436
Hollingsworth,Trey,1983-09-12,M,rep,IN,9,Republican,https://hollingsworth.house.gov,1641 Longworth House Office Building; Washington DC 20515-1409,202-225-5315
Marshall,Roger,1960-08-09,M,rep,KS,1,Republican,https://marshall.house.gov,312 Cannon House Office Building; Washington DC 20515-1601,202-225-2715
Higgins,Clay,1961-08-24,M,rep,LA,3,Republican,https://clayhiggins.house.gov,1711 Longworth House Office Building; Washington DC 20515-1803,202-225-2031
Johnson,Mike,1972-01-30,M,rep,LA,4,Republican,https://mikejohnson.house.gov,327 Cannon House Office Building; Washington DC 20515-1804,202-225-2777
Brown,Anthony,1961-11-21,M,rep,MD,4,Democrat,https://anthonybrown.house.gov,1505 Longworth House Office Building; Washington DC 20515-2004,202-225-8699
Raskin,Jamie,1962-12-13,M,rep,MD,8,Democrat,https://raskin.house.gov,431 Cannon House Office Building; Washington DC 20515-2008,202-225-5341
Bergman,Jack,1947-02-02,M,rep,MI,1,Republican,https://bergman.house.gov,414 Cannon House Office Building; Washington DC 20515-2201,202-225-4735
Mitchell,Paul,1961-05-08,M,rep,MI,10,Republican,https://mitchell.house.gov,211 Cannon House Office Building; Washington DC 20515-2210,202-225-2106
Lewis,Jason,1955-09-23,M,rep,MN,2,Republican,https://jasonlewis.house.gov,418 Cannon House Office Building; Washington DC 20515-2302,202-225-2271
Budd,Ted,1971-10-21,M,rep,NC,13,Republican,https://budd.house.gov,118 Cannon House Office Building; Washington DC 20515-3313,202-225-4531
Bacon,Don,1963-08-16,M,rep,NE,2,Republican,https://bacon.house.gov,1516 Longworth House Office Building; Washington DC 20515-2702,202-225-4155
Gottheimer,Josh,1975-03-08,M,rep,NJ,5,Democrat,https://gottheimer.house.gov,213 Cannon House Office Building; Washington DC 20515-3005,202-225-4465
Rosen,Jacky,1957-08-02,F,rep,NV,3,Democrat,https://rosen.house.gov,413 Cannon House Office Building; Washington DC 20515-2803,202-225-3252
Kihuen,Ruben,1980-04-25,M,rep,NV,4,Democrat,https://kihuen.house.gov,313 Cannon House Office Building; Washington DC 20515-2804,202-225-9894
Suozzi,Thomas,1962-08-31,M,rep,NY,3,Democrat,https://suozzi.house.gov,226 Cannon House Office Building; Washington DC 20515-3203,202-225-3335
Espaillat,Adriano,1954-09-27,M,rep,NY,13,Democrat,https://espaillat.house.gov,1630 Longworth House Office Building; Washington DC 20515-3213,202-225-4365
Faso,John,1952-08-25,M,rep,NY,19,Republican,https://faso.house.gov,1616 Longworth House Office Building; Washington DC 20515-3219,202-225-5614
Tenney,Claudia,1961-02-04,F,rep,NY,22,Republican,https://tenney.house.gov,512 Cannon House Office Building; Washington DC 20515-3222,202-225-3665
Fitzpatrick,Brian,1973-12-17,M,rep,PA,8,Republican,https://fitzpatrick.house.gov,514 Cannon House Office Building; Washington DC 20515-3808,202-225-4276
Smucker,Lloyd,1964-01-23,M,rep,PA,16,Republican,https://smucker.house.gov,516 Cannon House Office Building; Washington DC 20515-3816,202-225-2411
González-Colón,Jenniffer,1976-08-05,F,rep,PR,0,Republican,https://gonzalez-colon.house.gov,1529 Longworth House Office Building; Washington DC 20515-5401,202-225-2615
Kustoff,David,1966-10-08,M,rep,TN,8,Republican,https://kustoff.house.gov,508 Cannon House Office Building; Washington DC 20515-4208,202-225-4714
Gonzalez,Vicente,1967-09-04,M,rep,TX,15,Democrat,https://gonzalez.house.gov,113 Cannon House Office Building; Washington DC 20515-4315,202-225-2531
Arrington,Jodey,1972-03-09,M,rep,TX,19,Republican,https://arrington.house.gov,1029 Longworth House Office Building; Washington DC 20515-4319,202-225-4005
Taylor,Scott,1979-06-27,M,rep,VA,2,Republican,https://taylor.house.gov,412 Cannon House Office Building; Washington DC 20515-4602,202-225-4215
McEachin,A.,1961-10-10,M,rep,VA,4,Democrat,https://mceachin.house.gov,314 Cannon House Office Building; Washington DC 20515-4604,202-225-6365
Garrett,Thomas,1972-03-27,M,rep,VA,5,Republican,https://tomgarrett.house.gov,415 Cannon House Office Building; Washington DC 20515-4605,202-225-4711
Jayapal,Pramila,1965-09-21,F,rep,WA,7,Democrat,https://jayapal.house.gov,319 Cannon House Office Building; Washington DC 20515-4707,202-225-3106
Gallagher,Mike,1984-03-03,M,rep,WI,8,Republican,https://gallagher.house.gov,1007 Longworth House Office Building; Washington DC 20515-4908,202-225-5665
Cheney,Liz,1966-07-28,F,rep,WY,0,Republican,https://cheney.house.gov,416 Cannon House Office Building; Washington DC 20515-5000,202-225-2311
Estes,Ron,1956-07-19,M,rep,KS,4,Republican,https://estes.house.gov,2452 Rayburn House Office Building; Washington DC 20515-1604,202-225-6216
Gianforte,Greg,1961-04-17,M,rep,MT,0,Republican,https://gianforte.house.gov,1419 Longworth House Office Building; Washington DC 20515-2600,202-225-3211
Norman,Ralph,1953-06-20,M,rep,SC,5,Republican,https://norman.house.gov,2350 Rayburn House Office Building; Washington DC 20515-4005,202-225-5501
Handel,Karen,1962-04-18,F,rep,GA,6,Republican,https://handel.house.gov,1211 Longworth House Office Building; Washington DC 20515-1006,202-225-4501
Gomez,Jimmy,1974-11-25,M,rep,CA,34,Democrat,https://gomez.house.gov,1226 Longworth House Office Building; Washington DC 20515-0534,202-225-6235
Curtis,John,1960-05-10,M,rep,UT,3,Republican,https://curtis.house.gov,2236 Rayburn House Office Building; Washington DC 20515-4403,202-225-7751
Jones,Doug,1954-05-04,M,sen,AL,,Democrat,https://www.jones.senate.gov,326 Russell Senate Office Building Washington DC 20510,202-224-4124
Smith,Tina,1958-03-04,F,sen,MN,,Democrat,https://www.smith.senate.gov,309 Hart Senate Office Building Washington DC 20510,202-224-5641
Hyde-Smith,Cindy,1959-05-10,F,sen,MS,,Republican,https://www.hydesmith.senate.gov,G12 Dirksen Senate Office Building Washington DC 20510,202-224-5054
Lamb,Conor,1984-06-27,M,rep,PA,18,Democrat,https://lamb.house.gov/,2332 Rayburn House Office Building; Washington DC 20515-3818,202-225-2301
Lesko,Debbie,1958-11-14,F,rep,AZ,8,Republican,https://lesko.house.gov/,2435 Rayburn House Office Building; Washington DC 20515-0308,202-225-4576
Cloud,Michael,1975-05-13,M,rep,TX,27,Republican,https://cloud.house.gov/,2331 Rayburn House Office Building; Washington DC 20515-4327,202-225-7742
